{
  "1400028391746572318": {
    "1392792427051614249": {
      "points": 11,
      "invites": [
        {
          "userId": "1205816019722182667",
          "timestamp": 1762592808423
        },
        {
          "userId": "1360606087761367351",
          "timestamp": 1762608744902
        },
        {
          "userId": "1149726747466678322",
          "timestamp": 1762608751162
        },
        {
          "userId": "1148314157083545711",
          "timestamp": 1762608779533
        },
        {
          "userId": "1226038135993925642",
          "timestamp": 1762697226003
        },
        {
          "userId": "1153065730955300895",
          "timestamp": 1762703045459
        },
        {
          "userId": "1226038135993925642",
          "timestamp": 1762705184591
        },
        {
          "userId": "1215751592695828581",
          "timestamp": 1762706601279
        },
        {
          "userId": "1360194199609413672",
          "timestamp": 1762707761032
        },
        {
          "userId": "1400606771227136041",
          "timestamp": 1762708046545
        },
        {
          "userId": "1316815994941079632",
          "timestamp": 1762708070530
        },
        {
          "userId": "1084786241167429672",
          "timestamp": 1762708125929
        },
        {
          "userId": "1350055271975747646",
          "timestamp": 1762708161868
        },
        {
          "userId": "1311659345704128562",
          "timestamp": 1762946136752
        }
      ]
    },
    "1400027837238345730": {
      "points": 9,
      "invites": [
        {
          "userId": "1068470815672254495",
          "timestamp": 1762612793921
        },
        {
          "userId": "1305110201892081727",
          "timestamp": 1762768040317
        },
        {
          "userId": "1294243283509313596",
          "timestamp": 1762776405438
        },
        {
          "userId": "1347207899038089351",
          "timestamp": 1762792124504
        },
        {
          "userId": "735078555746173059",
          "timestamp": 1762863719461
        },
        {
          "userId": "923597618951639060",
          "timestamp": 1762865541071
        },
        {
          "userId": "1094983632499769375",
          "timestamp": 1762945218165
        },
        {
          "userId": "984482955873386606",
          "timestamp": 1763123648468
        },
        {
          "userId": "1142481955288518687",
          "timestamp": 1763240084800
        }
      ]
    },
    "1275155438891176011": {
      "points": 1,
      "invites": [
        {
          "userId": "1275155438891176011",
          "timestamp": 1762617278878
        }
      ]
    }
  },
  "1436370032874487940": {},
  "1430958308449194067": {
    "1084786241167429672": {
      "points": 1,
      "invites": [
        {
          "userId": "1402660642992951376",
          "timestamp": 1762707501183
        }
      ]
    },
    "1148314157083545711": {
      "points": 1,
      "invites": [
        {
          "userId": "1037388356046311444",
          "timestamp": 1762712110087
        }
      ]
    },
    "858411162423787600": {
      "points": 0,
      "invites": [
        {
          "userId": "1406341728985677986",
          "timestamp": 1762714822369
        }
      ]
    },
    "1185560465452060713": {
      "points": 5,
      "invites": [
        {
          "userId": "1292981424848244817",
          "timestamp": 1762780714713
        },
        {
          "userId": "1357261845286883372",
          "timestamp": 1762780719600
        },
        {
          "userId": "1380569284719149167",
          "timestamp": 1762780799444
        },
        {
          "userId": "1247134686694871131",
          "timestamp": 1762783053044
        },
        {
          "userId": "1305968128597033000",
          "timestamp": 1762865116191
        }
      ]
    },
    "1392792427051614249": {
      "points": 14,
      "invites": [
        {
          "userId": "1333818971656294414",
          "timestamp": 1762798026080
        },
        {
          "userId": "1293205664889442397",
          "timestamp": 1762798027924
        },
        {
          "userId": "1354558062681260134",
          "timestamp": 1762798030832
        },
        {
          "userId": "1409865236286144512",
          "timestamp": 1762798041129
        },
        {
          "userId": "1296160587847565355",
          "timestamp": 1762798048605
        },
        {
          "userId": "1304845805244649485",
          "timestamp": 1762798050341
        },
        {
          "userId": "1236669168934195223",
          "timestamp": 1762798057415
        },
        {
          "userId": "1392693165030379682",
          "timestamp": 1762798060629
        },
        {
          "userId": "750975789419331604",
          "timestamp": 1762798064217
        },
        {
          "userId": "1342506720408113275",
          "timestamp": 1762798079850
        },
        {
          "userId": "1316444835531722896",
          "timestamp": 1762798126961
        },
        {
          "userId": "752032485327765594",
          "timestamp": 1762798276229
        },
        {
          "userId": "1379200646976376967",
          "timestamp": 1762808394869
        },
        {
          "userId": "905408100117381171",
          "timestamp": 1762865360101
        }
      ]
    },
    "1354558062681260134": {
      "points": 1,
      "invites": [
        {
          "userId": "969648079189970964",
          "timestamp": 1762798269887
        }
      ]
    },
    "1409865236286144512": {
      "points": 4,
      "invites": [
        {
          "userId": "1274714912358137877",
          "timestamp": 1762798311829
        },
        {
          "userId": "1273703471178317884",
          "timestamp": 1762798329630
        },
        {
          "userId": "1273703471178317884",
          "timestamp": 1762798434396
        },
        {
          "userId": "1305736345909723136",
          "timestamp": 1762798723540
        }
      ]
    },
    "1293205664889442397": {
      "points": 1,
      "invites": [
        {
          "userId": "861017003917049858",
          "timestamp": 1762798473116
        }
      ]
    },
    "1355400029451587606": {
      "points": 4,
      "invites": [
        {
          "userId": "1134496361350443209",
          "timestamp": 1762800093186
        },
        {
          "userId": "1406016851976261784",
          "timestamp": 1762800349186
        },
        {
          "userId": "1334306982563283025",
          "timestamp": 1762800554308
        },
        {
          "userId": "1267613577565573141",
          "timestamp": 1762803898283
        }
      ]
    },
    "1134496361350443209": {
      "points": 1,
      "invites": [
        {
          "userId": "1249859758173720638",
          "timestamp": 1762800322727
        }
      ]
    },
    "1058375625641033779": {
      "points": 2,
      "invites": [
        {
          "userId": "1331294079920767099",
          "timestamp": 1762875483506
        },
        {
          "userId": "1331286533533077565",
          "timestamp": 1762875510387
        }
      ]
    },
    "747825188221222913": {
      "points": 3,
      "invites": [
        {
          "userId": "879152978584563713",
          "timestamp": 1762875492037
        },
        {
          "userId": "698693711269462017",
          "timestamp": 1762875542298
        },
        {
          "userId": "1011252490848702464",
          "timestamp": 1762875600376
        }
      ]
    },
    "879152978584563713": {
      "points": 6,
      "invites": [
        {
          "userId": "1001873564762374265",
          "timestamp": 1762875643164
        },
        {
          "userId": "975066895508193330",
          "timestamp": 1762875696204
        },
        {
          "userId": "1001856938415505501",
          "timestamp": 1762875735184
        },
        {
          "userId": "940105784791031829",
          "timestamp": 1762875804316
        },
        {
          "userId": "1007297611478335550",
          "timestamp": 1762875835017
        },
        {
          "userId": "1325615481025069059",
          "timestamp": 1762876631260
        }
      ]
    },
    "1433673003639504896": {
      "points": 3,
      "invites": [
        {
          "userId": "510423026844565504",
          "timestamp": 1762875854127
        },
        {
          "userId": "543217574536806422",
          "timestamp": 1762875862079
        },
        {
          "userId": "1329135847609471089",
          "timestamp": 1762875875708
        }
      ]
    },
    "599076245573206046": {
      "points": 2,
      "invites": [
        {
          "userId": "1311659345704128562",
          "timestamp": 1762946083804
        },
        {
          "userId": "1311659345704128562",
          "timestamp": 1762946173224
        }
      ]
    },
    "1315006849900220459": {
      "points": 3,
      "invites": [
        {
          "userId": "1391513297831989391",
          "timestamp": 1763107855799
        },
        {
          "userId": "1187576822234361890",
          "timestamp": 1763109225144
        },
        {
          "userId": "1395138176838008942",
          "timestamp": 1763225578351
        }
      ]
    }
  },
  "1436346867620384862": {
    "1436345208727015445": {
      "points": 0,
      "invites": []
    }
  },
  "1325053104642588746": {
    "1111968711138627688": {
      "points": 106,
      "invites": [
        {
          "userId": "1158165082128273418",
          "timestamp": 1762893006191
        },
        {
          "userId": "1408403925337636914",
          "timestamp": 1762893615195
        },
        {
          "userId": "1039569380712914956",
          "timestamp": 1763126085064
        },
        {
          "userId": "1084080070836109313",
          "timestamp": 1763126095058
        },
        {
          "userId": "1415688045683933204",
          "timestamp": 1763126113970
        },
        {
          "userId": "1413214114624307292",
          "timestamp": 1763126457701
        },
        {
          "userId": "1379502582229369006",
          "timestamp": 1763126577586
        },
        {
          "userId": "1380546797872873624",
          "timestamp": 1763127510403
        }
      ]
    },
    "994189973442003009": {
      "points": 2,
      "invites": [
        {
          "userId": "1346992716415893615",
          "timestamp": 1763128725202
        },
        {
          "userId": "1246227235569139753",
          "timestamp": 1763128977143
        }
      ]
    },
    "1278735752003588138": {
      "points": 1,
      "invites": [
        {
          "userId": "1393893482082472056",
          "timestamp": 1763129135808
        }
      ]
    },
    "1380546797872873624": {
      "points": 1,
      "invites": [
        {
          "userId": "1204306748131909685",
          "timestamp": 1763129178406
        }
      ]
    }
  },
  "1436305366257238107": {
    "1414044980481364049": {
      "points": 0,
      "invites": []
    },
    "1390347430897385554": {
      "points": 1,
      "invites": []
    }
  }
}