{
  "1400028391746572318": [
    "10m",
    "5m"
  ],
  "1428980774962728994": [
    "100k",
    "50k"
  ],
  "1436370032874487940": [
    "hi"
  ],
  "1430958308449194067": [
    "20k",
    "حظا اوفر للمرة القادمة",
    "20k",
    "50k",
    "25k",
    "30k",
    "10k",
    "حظا اوفر للمرة القادمة",
    "50k",
    "100k",
    "20k"
  ],
  "1436346867620384862": [
    "50k",
    "10k"
  ],
  "1436305366257238107": [
    "30k",
    "80k",
    "55k",
    "130k",
    "200k",
    "250k",
    "300k",
    "350k",
    "400k",
    "450k",
    "30k 500k"
  ],
  "1325053104642588746": [
    "حيـاكم"
  ]
}